{
  "total_backups": 1,
  "successful_backups": 1,
  "failed_backups": 0,
  "last_backup": "2025-08-21T22:36:31.077315",
  "total_size_mb": 6.406187057495117
}